"Код основного вида экономической деятельности контрагента банка";"Наименование"
"1";"A СЕЛЬСКОЕ, ЛЕСНОЕ И РЫБНОЕ ХОЗЯЙСТВО"
"2";"B ГОРНОДОБЫВАЮЩАЯ ПРОМЫШЛЕННОСТЬ"
"3";"C ОБРАБАТЫВАЮЩАЯ ПРОМЫШЛЕННОСТЬ"
"4";"D СНАБЖЕНИЕ ЭЛЕКТРОЭНЕРГИЕЙ, ГАЗОМ, ПАРОМ, ГОРЯЧЕЙ ВОДОЙ И КОНДИЦИОНИРОВАННЫМ ВОЗДУХОМ"
"5";"E ВОДОСНАБЖЕНИЕ; СБОР, ОБРАБОТКА И УДАЛЕНИЕ ОТХОДОВ, ДЕЯТЕЛЬНОСТЬ ПО ЛИКВИДАЦИИ ЗАГРЯЗНЕНИЙ"
"6";"F СТРОИТЕЛЬСТВО"
"7";"G ОПТОВАЯ И РОЗНИЧНАЯ ТОРГОВЛЯ; РЕМОНТ АВТОМОБИЛЕЙ И МОТОЦИКЛОВ"
"8";"H ТРАНСПОРТНАЯ ДЕЯТЕЛЬНОСТЬ, СКЛАДИРОВАНИЕ, ПОЧТОВАЯ И КУРЬЕРСКАЯ ДЕЯТЕЛЬНОСТЬ"
"9";"I УСЛУГИ ПО ВРЕМЕННОМУ ПРОЖИВАНИЮ И ПИТАНИЮ"
"10";"J ИНФОРМАЦИЯ И СВЯЗЬ"
"11";"K ФИНАНСОВАЯ И СТРАХОВАЯ ДЕЯТЕЛЬНОСТЬ"
"12";"L ОПЕРАЦИИ С НЕДВИЖИМЫМ ИМУЩЕСТВОМ"
"13";"M ПРОФЕССИОНАЛЬНАЯ, НАУЧНАЯ И ТЕХНИЧЕСКАЯ ДЕЯТЕЛЬНОСТЬ"
"14";"N ДЕЯТЕЛЬНОСТЬ В СФЕРЕ АДМИНИСТРАТИВНЫХ И ВСПОМОГАТЕЛЬНЫХ УСЛУГ"
"15";"O ГОСУДАРСТВЕННОЕ УПРАВЛЕНИЕ"
"16";"P ОБРАЗОВАНИЕ"
"17";"Q ЗДРАВООХРАНЕНИЕ И СОЦИАЛЬНЫЕ УСЛУГИ"
"18";"R ТВОРЧЕСТВО, СПОРТ, РАЗВЛЕЧЕНИЯ И ОТДЫХ"
"19";"S ПРЕДОСТАВЛЕНИЕ ПРОЧИХ ВИДОВ УСЛУГ"
"20";"T ДЕЯТЕЛЬНОСТЬ ЧАСТНЫХ ДОМАШНИХ ХОЗЯЙСТВ, НАНИМАЮЩИХ ДОМАШНЮЮ ПРИСЛУГУ И ПРОИЗВОДЯЩИХ ТОВАРЫ И УСЛУГИ ДЛЯ СОБСТВЕННОГО ПОТРЕБЛЕНИЯ"
"21";"U ДЕЯТЕЛЬНОСТЬ ЭКСТЕРРИТОРИАЛЬНЫХ ОРГАНИЗАЦИЙ И ОРГАНОВ"

