"Код типа контрагента банка";"Наименование"
"100";"БАНКИ, НЕБАНКОВСКИЕ КРЕДИТНО-ФИНАНСОВЫЕ ОРГАНИЗАЦИИ, СПЕЦИАЛИЗИРОВАННЫЕ ФИНАНСОВЫЕ ОРГАНИЗАЦИИ"
"110";"Национальный банк"
"120";"Центральные (национальные) банки иностранных государств"
"130";"Банки-резиденты"
"140";"Небанковские кредитно-финансовые организации"
"150";"Международные финансовые организации"
"160";"Банки-нерезиденты"
"170";"Специализированные финансовые организации"
"171";"Открытое акционерное общество ""Банк развития Республики Беларусь"""
"179";"Другие специализированные финансовые организации"
"200";"НЕБАНКОВСКИЕ ФИНАНСОВЫЕ ОРГАНИЗАЦИИ"
"220";"Фондовые и валютные биржи"
"230";"инвестиционные и негосударственные пенсионные фонды"
"240";"Страховые и перестраховочные, лизинговые организации"
"241";"Cтраховые и перестраховочные организации"
"242";"Лизинговые организации"
"260";"Микрофинансовые организации"
"290";"Прочие небанковские финансовые организации"
"300";"КОММЕРЧЕСКИЕ ОРГАНИЗАЦИИ"
"400";"индивидуальные предприниматели"
"500";"физические лица"
"600";"НЕКОММЕРЧЕСКИЕ ОРГАНИЗАЦИИ"
"700";"ОРГАНЫ ГОСУДАРСТВЕННОГО УПРАВЛЕНИЯ"
"710";"Республиканские органы гос.управления РБ"
"720";"местные исполнительные и распорядительные органы "

